id,firstname,lastname,email,value
1,Lynnea,Melleta,Lynnea.Melleta@example.com,160
2,Winifred,Lasley,Winifred.Lasley@example.com,126
3,Ermengarde,Bonucci,Ermengarde.Bonucci@example.com,50
4,Lorie,Doig,Lorie.Doig@example.com,737
5,Jacquetta,Adalbert,Jacquetta.Adalbert@example.com,645
6,Nataline,Christine,Nataline.Christine@example.com,475
7,Alie,Tice,Alie.Tice@example.com,350
8,Hayley,Ammann,Hayley.Ammann@example.com,592
9,Constance,Nance,Constance.Nance@example.com,423
10,Lynnea,Ries,Lynnea.Ries@example.com,112
11,Nicoli,Rona,Nicoli.Rona@example.com,118
12,Verla,Morehouse,Verla.Morehouse@example.com,917
13,Cassandra,Brian,Cassandra.Brian@example.com,756
14,Berget,Holbrook,Berget.Holbrook@example.com,592
15,Paola,Parsaye,Paola.Parsaye@example.com,719
16,Tilly,Jobi,Tilly.Jobi@example.com,583
17,Briney,Pelagias,Briney.Pelagias@example.com,934
18,Oona,Meli,Oona.Meli@example.com,570
19,Viviene,Ezar,Viviene.Ezar@example.com,899
20,Angelique,Darbie,Angelique.Darbie@example.com,127
21,Brietta,Lytton,Brietta.Lytton@example.com,11
22,Theodora,Cristi,Theodora.Cristi@example.com,225
23,Neila,Jerold,Neila.Jerold@example.com,530
24,Darlleen,Drisko,Darlleen.Drisko@example.com,146
25,Dania,Carvey,Dania.Carvey@example.com,89
26,Penelopa,Mata,Penelopa.Mata@example.com,802
27,Maryellen,Bandeen,Maryellen.Bandeen@example.com,794
28,Marsiella,Berard,Marsiella.Berard@example.com,667
29,Elvira,Vins,Elvira.Vins@example.com,6
30,Phylis,Sikorski,Phylis.Sikorski@example.com,404
31,Florie,Horan,Florie.Horan@example.com,128
32,Fidelia,Giff,Fidelia.Giff@example.com,499
33,Anthia,Gaynor,Anthia.Gaynor@example.com,440
34,Ileana,Edmund,Ileana.Edmund@example.com,976
35,Angelique,Belldas,Angelique.Belldas@example.com,283
36,Melanie,Smitt,Melanie.Smitt@example.com,252
37,Cyb,Dex,Cyb.Dex@example.com,797
38,Renae,Pond,Renae.Pond@example.com,415
39,Rozele,Diann,Rozele.Diann@example.com,28
40,Sashenka,Quent,Sashenka.Quent@example.com,980
41,Helena,Dyche,Helena.Dyche@example.com,123
42,Mady,Adore,Mady.Adore@example.com,753
43,Dede,Niccolo,Dede.Niccolo@example.com,134
44,Rhoda,Larochelle,Rhoda.Larochelle@example.com,461
45,Emelina,Juan,Emelina.Juan@example.com,607
46,Roseline,Ezar,Roseline.Ezar@example.com,720
47,Candy,Seligman,Candy.Seligman@example.com,997
48,Peri,Durware,Peri.Durware@example.com,68
49,Jan,Isidore,Jan.Isidore@example.com,624
50,Melanie,Freddi,Melanie.Freddi@example.com,732
51,Brianna,Cadmar,Brianna.Cadmar@example.com,227
52,Malina,Capello,Malina.Capello@example.com,788
53,Carolina,Bibi,Carolina.Bibi@example.com,587
54,Raina,Alcott,Raina.Alcott@example.com,819
55,Lilith,Bivins,Lilith.Bivins@example.com,660
56,Hannis,Baylor,Hannis.Baylor@example.com,625
57,Sophia,Ahab,Sophia.Ahab@example.com,666
58,Cristine,MacIntosh,Cristine.MacIntosh@example.com,494
59,Elise,Hourigan,Elise.Hourigan@example.com,36
60,Aimil,Ackerley,Aimil.Ackerley@example.com,230
61,Lenna,Cherianne,Lenna.Cherianne@example.com,584
62,Renae,Bebe,Renae.Bebe@example.com,385
63,Jeanna,Lasley,Jeanna.Lasley@example.com,228
64,Courtnay,Warthman,Courtnay.Warthman@example.com,754
65,Dotty,McAdams,Dotty.McAdams@example.com,461
66,Hope,Middleton,Hope.Middleton@example.com,620
67,Britni,Georas,Britni.Georas@example.com,112
68,Pierette,Brackely,Pierette.Brackely@example.com,969
69,Carolina,Sammons,Carolina.Sammons@example.com,770
70,Kathi,Chem,Kathi.Chem@example.com,279
71,Peri,Jacinda,Peri.Jacinda@example.com,699
72,Annaliese,Guthrie,Annaliese.Guthrie@example.com,417
73,Nessie,Jillane,Nessie.Jillane@example.com,112
74,Kirbee,Shaver,Kirbee.Shaver@example.com,851
75,Kimberley,Alexandr,Kimberley.Alexandr@example.com,754
76,Berget,Louanna,Berget.Louanna@example.com,424
77,Nicoli,Gaal,Nicoli.Gaal@example.com,274
78,Emilia,Leopold,Emilia.Leopold@example.com,457
79,Helena,Jefferey,Helena.Jefferey@example.com,428
80,Fina,Old,Fina.Old@example.com,553
81,Jere,Buttaro,Jere.Buttaro@example.com,841
82,Hope,Rosette,Hope.Rosette@example.com,328
83,Thalia,Chrystel,Thalia.Chrystel@example.com,175
84,Britte,Libna,Britte.Libna@example.com,687
85,Blinni,Imelida,Blinni.Imelida@example.com,511
86,Albertina,Earlie,Albertina.Earlie@example.com,166
87,Dode,Deny,Dode.Deny@example.com,274
88,Dede,Glenden,Dede.Glenden@example.com,173
89,Nikki,Rustice,Nikki.Rustice@example.com,326
90,Eve,Lubin,Eve.Lubin@example.com,920
91,Danika,Abernon,Danika.Abernon@example.com,906
92,Edith,Charmine,Edith.Charmine@example.com,38
93,Jessy,Sandye,Jessy.Sandye@example.com,346
94,Viviene,Romelda,Viviene.Romelda@example.com,585
95,Concettina,Karylin,Concettina.Karylin@example.com,968
96,Lynnea,Heisel,Lynnea.Heisel@example.com,926
97,Eve,Olin,Eve.Olin@example.com,983
98,Sara-Ann,Georas,Sara-Ann.Georas@example.com,245
99,Gui,Shaver,Gui.Shaver@example.com,546
100,Aryn,Ranjiv,Aryn.Ranjiv@example.com,849
101,Fina,Grimbly,Fina.Grimbly@example.com,857
102,Nerta,Berl,Nerta.Berl@example.com,66
103,Esmeralda,Weinreb,Esmeralda.Weinreb@example.com,108
104,Sonni,Darrell,Sonni.Darrell@example.com,634
105,Bobbi,Sibyls,Bobbi.Sibyls@example.com,491
106,Edith,Kathie,Edith.Kathie@example.com,815
107,Talya,Helve,Talya.Helve@example.com,326
108,Chastity,Andrel,Chastity.Andrel@example.com,210
109,Aimil,Cleavland,Aimil.Cleavland@example.com,855
110,Emylee,Deny,Emylee.Deny@example.com,384
111,Henriette,Bryna,Henriette.Bryna@example.com,905
112,Ketti,Forrer,Ketti.Forrer@example.com,241
113,Joelly,Vale,Joelly.Vale@example.com,789
114,Deedee,Decato,Deedee.Decato@example.com,793
115,Aurelie,Kinnard,Aurelie.Kinnard@example.com,547
116,Mahalia,Revkah,Mahalia.Revkah@example.com,802
117,Sashenka,Ezar,Sashenka.Ezar@example.com,907
118,Orelia,Stefa,Orelia.Stefa@example.com,866
119,Layla,Saree,Layla.Saree@example.com,198
120,Aaren,Tillford,Aaren.Tillford@example.com,309
121,Sean,Annabella,Sean.Annabella@example.com,448
122,Ashlee,Dex,Ashlee.Dex@example.com,488
123,Elfreda,Millda,Elfreda.Millda@example.com,444
124,Dale,Poppy,Dale.Poppy@example.com,30
125,Jenilee,Torray,Jenilee.Torray@example.com,710
126,Kamilah,Seessel,Kamilah.Seessel@example.com,540
127,Bill,Geffner,Bill.Geffner@example.com,108
128,Orelia,Brodench,Orelia.Brodench@example.com,448
129,Marleah,Ellord,Marleah.Ellord@example.com,300
130,Rayna,Pacorro,Rayna.Pacorro@example.com,468
131,Giustina,Marlie,Giustina.Marlie@example.com,73
132,Leia,Carmena,Leia.Carmena@example.com,689
133,Ardenia,Sheedy,Ardenia.Sheedy@example.com,458
134,Stephanie,Irmine,Stephanie.Irmine@example.com,543
135,Meghann,Durante,Meghann.Durante@example.com,261
136,Christy,Cynar,Christy.Cynar@example.com,335
137,Gabriellia,Yerkovich,Gabriellia.Yerkovich@example.com,121
138,Dorene,Ingra,Dorene.Ingra@example.com,794
139,Jinny,Mintz,Jinny.Mintz@example.com,315
140,Gui,Evangelia,Gui.Evangelia@example.com,896
141,Frieda,Bronk,Frieda.Bronk@example.com,982
142,Renie,Cynar,Renie.Cynar@example.com,833
143,Belva,Ethban,Belva.Ethban@example.com,120
144,Sara-Ann,Ortrude,Sara-Ann.Ortrude@example.com,454
145,Starla,Nicoline,Starla.Nicoline@example.com,866
146,Hollie,Hailee,Hollie.Hailee@example.com,869
147,Celene,Modie,Celene.Modie@example.com,40
148,Janeczka,Roarke,Janeczka.Roarke@example.com,271
149,Shirlee,Bluh,Shirlee.Bluh@example.com,790
150,Diena,Juan,Diena.Juan@example.com,450
151,Kathy,Brittani,Kathy.Brittani@example.com,816
152,Vevay,Hermes,Vevay.Hermes@example.com,161
153,Gilda,Bonilla,Gilda.Bonilla@example.com,342
154,Bobinette,Koehler,Bobinette.Koehler@example.com,741
155,Lita,Lia,Lita.Lia@example.com,547
156,Marcy,Shelba,Marcy.Shelba@example.com,843
157,Karolina,Gregrory,Karolina.Gregrory@example.com,987
158,Ardenia,Lumbard,Ardenia.Lumbard@example.com,349
159,Shandie,Dorothy,Shandie.Dorothy@example.com,372
160,Cristabel,Allys,Cristabel.Allys@example.com,858
161,Doralynne,Donell,Doralynne.Donell@example.com,923
162,Gwenneth,Holtz,Gwenneth.Holtz@example.com,347
163,Nickie,Jammal,Nickie.Jammal@example.com,623
164,Nerta,Dermott,Nerta.Dermott@example.com,868
165,Lucy,Aurelio,Lucy.Aurelio@example.com,412
166,Celestyna,Jethro,Celestyna.Jethro@example.com,359
167,Gabriellia,Campball,Gabriellia.Campball@example.com,479
168,Marjie,Merriott,Marjie.Merriott@example.com,341
169,Kate,Vivle,Kate.Vivle@example.com,379
170,Bibby,Ferino,Bibby.Ferino@example.com,75
171,Brooks,Irmine,Brooks.Irmine@example.com,970
172,Daryl,Bethany,Daryl.Bethany@example.com,559
173,Cherrita,Irmine,Cherrita.Irmine@example.com,95
174,Daphne,Borrell,Daphne.Borrell@example.com,171
175,Karena,Solitta,Karena.Solitta@example.com,706
176,Kirbee,Orelee,Kirbee.Orelee@example.com,79
177,Kara-Lynn,Barbey,Kara-Lynn.Barbey@example.com,992
178,Emmey,Blake,Emmey.Blake@example.com,596
179,Britni,Ahab,Britni.Ahab@example.com,899
180,Alyssa,Felizio,Alyssa.Felizio@example.com,950
181,Karina,Lorenz,Karina.Lorenz@example.com,69
182,Collen,Voletta,Collen.Voletta@example.com,546
183,Shandie,Ahab,Shandie.Ahab@example.com,475
184,Mellicent,Valoniah,Mellicent.Valoniah@example.com,496
185,Verla,Noam,Verla.Noam@example.com,421
186,Danny,Daveta,Danny.Daveta@example.com,7
187,Mariele,Joachim,Mariele.Joachim@example.com,912
188,Edith,Alfons,Edith.Alfons@example.com,391
189,Marnia,Gillan,Marnia.Gillan@example.com,737
190,Aimil,Raychel,Aimil.Raychel@example.com,988
191,Celisse,Kiersten,Celisse.Kiersten@example.com,992
192,Adriana,Jobi,Adriana.Jobi@example.com,708
193,Netty,Felizio,Netty.Felizio@example.com,50
194,Delilah,Ethban,Delilah.Ethban@example.com,778
195,Netty,Stanwood,Netty.Stanwood@example.com,867
196,Ira,Oriana,Ira.Oriana@example.com,704
197,Hermione,Estella,Hermione.Estella@example.com,114
198,Jsandye,Marijo,Jsandye.Marijo@example.com,932
199,Sheree,Cyrie,Sheree.Cyrie@example.com,430
200,Sherrie,Buffum,Sherrie.Buffum@example.com,928
201,Minda,Alva,Minda.Alva@example.com,305
202,Farrah,Goddard,Farrah.Goddard@example.com,50
203,Dulce,Ehrman,Dulce.Ehrman@example.com,629
204,Tressa,Jacqui,Tressa.Jacqui@example.com,856
205,Caressa,Nikaniki,Caressa.Nikaniki@example.com,989
206,Kial,Tippets,Kial.Tippets@example.com,905
207,Tabbatha,Artie,Tabbatha.Artie@example.com,316
208,Genovera,Rad,Genovera.Rad@example.com,867
209,Libbie,My,Libbie.My@example.com,799
210,Meg,Newell,Meg.Newell@example.com,589
211,Jenilee,Nelsen,Jenilee.Nelsen@example.com,818
212,Merci,Cutlerr,Merci.Cutlerr@example.com,838
213,Magdalena,Johnsson,Magdalena.Johnsson@example.com,927
214,Gerianna,Emanuel,Gerianna.Emanuel@example.com,925
215,Marjie,Fax,Marjie.Fax@example.com,311
216,Kary,Parette,Kary.Parette@example.com,433
217,Helena,Eugenia,Helena.Eugenia@example.com,522
218,Kaja,Harl,Kaja.Harl@example.com,804
219,Ann-Marie,Khorma,Ann-Marie.Khorma@example.com,610
220,Alleen,Zamora,Alleen.Zamora@example.com,189
221,Goldie,Kauppi,Goldie.Kauppi@example.com,86
222,Ilse,Manolo,Ilse.Manolo@example.com,921
223,Sue,Podvin,Sue.Podvin@example.com,802
224,Maryellen,Hylan,Maryellen.Hylan@example.com,292
225,Sheree,Juliet,Sheree.Juliet@example.com,430
226,Lesly,Chick,Lesly.Chick@example.com,180
227,Fernande,Jenness,Fernande.Jenness@example.com,422
228,Lisette,Lemuela,Lisette.Lemuela@example.com,688
229,Courtnay,Autrey,Courtnay.Autrey@example.com,839
230,Leona,Swanhildas,Leona.Swanhildas@example.com,194
231,Gilda,Schroth,Gilda.Schroth@example.com,812
232,Jessy,Ferino,Jessy.Ferino@example.com,721
233,Aurore,Christal,Aurore.Christal@example.com,415
234,Estell,Penelopa,Estell.Penelopa@example.com,4
235,Leona,Cristi,Leona.Cristi@example.com,474
236,Mamie,Lanita,Mamie.Lanita@example.com,255
237,Shel,Amasa,Shel.Amasa@example.com,441
238,Wilma,Elo,Wilma.Elo@example.com,49
239,Hallie,Annice,Hallie.Annice@example.com,524
240,Carilyn,Karylin,Carilyn.Karylin@example.com,54
241,Meghann,Abernon,Meghann.Abernon@example.com,199
242,Merci,Melleta,Merci.Melleta@example.com,525
243,Sam,Ummersen,Sam.Ummersen@example.com,99
244,Marsiella,McGrody,Marsiella.McGrody@example.com,40
245,Carolina,Georas,Carolina.Georas@example.com,938
246,Darci,Kauppi,Darci.Kauppi@example.com,998
247,Giustina,Fry,Giustina.Fry@example.com,284
248,Tarra,Ries,Tarra.Ries@example.com,319
249,Ariela,Kirbee,Ariela.Kirbee@example.com,890
250,Annora,Ietta,Annora.Ietta@example.com,324
251,Lynnea,Emmaline,Lynnea.Emmaline@example.com,282
252,Odessa,Palocz,Odessa.Palocz@example.com,544
253,Liana,Anton,Liana.Anton@example.com,623
254,Lesly,Old,Lesly.Old@example.com,53
255,Anestassia,Blase,Anestassia.Blase@example.com,83
256,Janenna,Tannie,Janenna.Tannie@example.com,204
257,Helsa,Harriman,Helsa.Harriman@example.com,933
258,Emma,Bates,Emma.Bates@example.com,485
259,Evaleen,Randene,Evaleen.Randene@example.com,325
260,Gwenneth,Atcliffe,Gwenneth.Atcliffe@example.com,350
261,Ethel,Sibyls,Ethel.Sibyls@example.com,508
262,Gale,Colp,Gale.Colp@example.com,543
263,Ermengarde,Merell,Ermengarde.Merell@example.com,959
264,Roseline,Margarete,Roseline.Margarete@example.com,153
265,Esmeralda,Sundin,Esmeralda.Sundin@example.com,697
266,Konstance,Caitlin,Konstance.Caitlin@example.com,997
267,Tomasina,Kirbee,Tomasina.Kirbee@example.com,614
268,Kimmy,Vins,Kimmy.Vins@example.com,718
269,Judy,Ciro,Judy.Ciro@example.com,942
270,Sophia,Minetta,Sophia.Minetta@example.com,498
271,Elise,Trinetta,Elise.Trinetta@example.com,948
272,Fayre,Ade,Fayre.Ade@example.com,347
273,Heida,Iiette,Heida.Iiette@example.com,11
274,Lanna,Carvey,Lanna.Carvey@example.com,685
275,Ginnie,Karna,Ginnie.Karna@example.com,557
276,Vevay,McCutcheon,Vevay.McCutcheon@example.com,970
277,Melina,Docilla,Melina.Docilla@example.com,143
278,Lily,Lemuela,Lily.Lemuela@example.com,849
279,Brena,Darrell,Brena.Darrell@example.com,449
280,Nannie,Trey,Nannie.Trey@example.com,763
281,Annora,Jeanne,Annora.Jeanne@example.com,649
282,Marinna,Trace,Marinna.Trace@example.com,46
283,Glynnis,Keily,Glynnis.Keily@example.com,624
284,Nonnah,Tremayne,Nonnah.Tremayne@example.com,759
285,Mahalia,Uund,Mahalia.Uund@example.com,404
286,Mureil,Barbey,Mureil.Barbey@example.com,902
287,Trudie,Arquit,Trudie.Arquit@example.com,109
288,Tori,Ludewig,Tori.Ludewig@example.com,141
289,Mathilda,Abbot,Mathilda.Abbot@example.com,395
290,Zia,Rocray,Zia.Rocray@example.com,362
291,Kathi,Bow,Kathi.Bow@example.com,646
292,Annecorinne,Ashely,Annecorinne.Ashely@example.com,262
293,Corene,Amethist,Corene.Amethist@example.com,947
294,Frieda,Thar,Frieda.Thar@example.com,54
295,Gabriellia,LaRue,Gabriellia.LaRue@example.com,607
296,Sherrie,Darbie,Sherrie.Darbie@example.com,177
297,Jean,Xerxes,Jean.Xerxes@example.com,11
298,Agnese,Edee,Agnese.Edee@example.com,263
299,Suzette,Munn,Suzette.Munn@example.com,8
300,Delilah,Karna,Delilah.Karna@example.com,8
301,Ilse,Presber,Ilse.Presber@example.com,576
302,Fawne,Ramona,Fawne.Ramona@example.com,746
303,Abbie,Claudine,Abbie.Claudine@example.com,76
304,Rochette,Pattin,Rochette.Pattin@example.com,338
305,Flory,Hieronymus,Flory.Hieronymus@example.com,527
306,Di,Yerkovich,Di.Yerkovich@example.com,506
307,Marjie,Arvo,Marjie.Arvo@example.com,398
308,Jere,Afton,Jere.Afton@example.com,806
309,Maridel,Ulphia,Maridel.Ulphia@example.com,307
310,Daphne,Bultman,Daphne.Bultman@example.com,792
311,Leontine,Lareena,Leontine.Lareena@example.com,914
312,Candy,Capello,Candy.Capello@example.com,698
313,Ebonee,Baudin,Ebonee.Baudin@example.com,612
314,Karena,Buckler,Karena.Buckler@example.com,737
315,Emylee,Brady,Emylee.Brady@example.com,2
316,Winny,Vanni,Winny.Vanni@example.com,473
317,Myrtice,Kenwood,Myrtice.Kenwood@example.com,568
318,Sophia,Casimir,Sophia.Casimir@example.com,964
319,Ketti,Eldrid,Ketti.Eldrid@example.com,103
320,Jobi,Linehan,Jobi.Linehan@example.com,782
321,Madalyn,Loeb,Madalyn.Loeb@example.com,15
322,Sibella,Kannry,Sibella.Kannry@example.com,381
323,Netty,Niccolo,Netty.Niccolo@example.com,299
324,Damaris,Morrill,Damaris.Morrill@example.com,240
325,Isa,Demitria,Isa.Demitria@example.com,870
326,Claresta,Jehu,Claresta.Jehu@example.com,480
327,Jenilee,Meli,Jenilee.Meli@example.com,742
328,Henriette,Mathilde,Henriette.Mathilde@example.com,926
329,Eadie,Genna,Eadie.Genna@example.com,946
330,Ronna,Levey,Ronna.Levey@example.com,351
331,Annecorinne,Posner,Annecorinne.Posner@example.com,693
332,Sidoney,Felecia,Sidoney.Felecia@example.com,151
333,Myriam,Kress,Myriam.Kress@example.com,714
334,Mary,Kazimir,Mary.Kazimir@example.com,215
335,Andree,My,Andree.My@example.com,214
336,Priscilla,Sherfield,Priscilla.Sherfield@example.com,142
337,Codie,Swigart,Codie.Swigart@example.com,439
338,Ariela,Klemperer,Ariela.Klemperer@example.com,407
339,Kimmy,Boehike,Kimmy.Boehike@example.com,344
340,Jackie,Janene,Jackie.Janene@example.com,471
341,Aaren,Reneta,Aaren.Reneta@example.com,979
342,Belva,Dahlia,Belva.Dahlia@example.com,608
343,Lorenza,Carmena,Lorenza.Carmena@example.com,926
344,Estell,Koziara,Estell.Koziara@example.com,44
345,Tersina,Soneson,Tersina.Soneson@example.com,300
346,Maryellen,Gunn,Maryellen.Gunn@example.com,91
347,Hollie,Vilma,Hollie.Vilma@example.com,761
348,Gwenneth,Raychel,Gwenneth.Raychel@example.com,514
349,Andeee,Bonilla,Andeee.Bonilla@example.com,433
350,Laurene,Karylin,Laurene.Karylin@example.com,400
351,Priscilla,Raimondo,Priscilla.Raimondo@example.com,867
352,Ana,Wildermuth,Ana.Wildermuth@example.com,502
353,Jorry,Shaver,Jorry.Shaver@example.com,951
354,Ilse,Marisa,Ilse.Marisa@example.com,151
355,Marsiella,Zrike,Marsiella.Zrike@example.com,736
356,Edee,Hewitt,Edee.Hewitt@example.com,973
357,Kathi,Nerita,Kathi.Nerita@example.com,377
358,Clo,Helfand,Clo.Helfand@example.com,743
359,Korrie,Saunderson,Korrie.Saunderson@example.com,660
360,Dulce,Kendrick,Dulce.Kendrick@example.com,791
361,Hyacinthe,Seessel,Hyacinthe.Seessel@example.com,205
362,Evita,Birdella,Evita.Birdella@example.com,778
363,Pierette,Alwin,Pierette.Alwin@example.com,235
364,Dulce,Cutlerr,Dulce.Cutlerr@example.com,628
365,Collen,Neva,Collen.Neva@example.com,328
366,Kate,Montgomery,Kate.Montgomery@example.com,508
367,Fidelia,Ogren,Fidelia.Ogren@example.com,51
368,Rhoda,Curren,Rhoda.Curren@example.com,230
369,Sidoney,Diogenes,Sidoney.Diogenes@example.com,741
370,Dyann,Othilia,Dyann.Othilia@example.com,829
371,Tina,Bates,Tina.Bates@example.com,471
372,Gianina,Ophelia,Gianina.Ophelia@example.com,17
373,Bibby,Leifeste,Bibby.Leifeste@example.com,977
374,Jere,Tarrant,Jere.Tarrant@example.com,161
375,Yvonne,Cohdwell,Yvonne.Cohdwell@example.com,208
376,Laurene,Anton,Laurene.Anton@example.com,559
377,Aurelie,Bartlett,Aurelie.Bartlett@example.com,400
378,Bill,Winthorpe,Bill.Winthorpe@example.com,381
379,Yetty,Sasnett,Yetty.Sasnett@example.com,962
380,Shaylyn,Mullane,Shaylyn.Mullane@example.com,226
381,Dede,Wind,Dede.Wind@example.com,110
382,Ann-Marie,Lacombe,Ann-Marie.Lacombe@example.com,646
383,Christian,Ellerey,Christian.Ellerey@example.com,893
384,Tybie,Noelyn,Tybie.Noelyn@example.com,86
385,Misha,Letsou,Misha.Letsou@example.com,179
386,Fredericka,Dielu,Fredericka.Dielu@example.com,226
387,Shirlee,Jacobah,Shirlee.Jacobah@example.com,266
388,Karolina,Fancie,Karolina.Fancie@example.com,723
389,Debee,Hoban,Debee.Hoban@example.com,137
390,Gaylene,Soneson,Gaylene.Soneson@example.com,781
391,Ekaterina,Gale,Ekaterina.Gale@example.com,589
392,Alameda,Masao,Alameda.Masao@example.com,273
393,Joelly,Virgin,Joelly.Virgin@example.com,570
394,Correy,Mathilde,Correy.Mathilde@example.com,834
395,Ulrike,Secrest,Ulrike.Secrest@example.com,675
396,Penelopa,Middleton,Penelopa.Middleton@example.com,915
397,Carolina,Germann,Carolina.Germann@example.com,44
398,Jerry,Felecia,Jerry.Felecia@example.com,35
399,Correy,Barrus,Correy.Barrus@example.com,962
400,Aigneis,Edmund,Aigneis.Edmund@example.com,680
401,Ursulina,Ricki,Ursulina.Ricki@example.com,645
402,Alejandra,Mullane,Alejandra.Mullane@example.com,112
403,Mady,Gower,Mady.Gower@example.com,969
404,Etta,Jammal,Etta.Jammal@example.com,443
405,Nataline,Bandeen,Nataline.Bandeen@example.com,687
406,Vivia,Ranjiv,Vivia.Ranjiv@example.com,11
407,Christal,Oriana,Christal.Oriana@example.com,393
408,Roberta,Arne,Roberta.Arne@example.com,829
409,Jacenta,Peonir,Jacenta.Peonir@example.com,159
410,Danika,Byrne,Danika.Byrne@example.com,57
411,Lolita,Saint,Lolita.Saint@example.com,309
412,Melina,Shama,Melina.Shama@example.com,750
413,Sean,Behre,Sean.Behre@example.com,440
414,Therine,Waldron,Therine.Waldron@example.com,654
415,Doro,Hathaway,Doro.Hathaway@example.com,852
416,Cissiee,McGrody,Cissiee.McGrody@example.com,303
417,Dagmar,Giff,Dagmar.Giff@example.com,997
418,Olivette,Zrike,Olivette.Zrike@example.com,716
419,Netty,Colleen,Netty.Colleen@example.com,645
420,Estell,Casimir,Estell.Casimir@example.com,237
421,Frank,Luhe,Frank.Luhe@example.com,247
422,Amelia,Urias,Amelia.Urias@example.com,635
423,Dione,Stanwood,Dione.Stanwood@example.com,475
424,Magdalena,Lindemann,Magdalena.Lindemann@example.com,419
425,Nelle,Sandye,Nelle.Sandye@example.com,903
426,Fina,Alabaster,Fina.Alabaster@example.com,788
427,Gusella,Bibi,Gusella.Bibi@example.com,326
428,Ilse,Beniamino,Ilse.Beniamino@example.com,417
429,Jolyn,Abernon,Jolyn.Abernon@example.com,229
430,Edyth,Decato,Edyth.Decato@example.com,505
431,Nonnah,Boycey,Nonnah.Boycey@example.com,369
432,Catrina,Thomasina,Catrina.Thomasina@example.com,960
433,Amalie,Zachary,Amalie.Zachary@example.com,873
434,Shaylyn,Hilbert,Shaylyn.Hilbert@example.com,943
435,Viki,Sacken,Viki.Sacken@example.com,711
436,Neila,Hazlett,Neila.Hazlett@example.com,951
437,Therine,O'Carroll,Therine.O'Carroll@example.com,683
438,Charlena,Daveta,Charlena.Daveta@example.com,241
439,Talya,Oster,Talya.Oster@example.com,941
440,Carmela,Alice,Carmela.Alice@example.com,761
441,Glynnis,Newell,Glynnis.Newell@example.com,900
442,Olivette,Odell,Olivette.Odell@example.com,779
443,Tabbatha,Ramona,Tabbatha.Ramona@example.com,60
444,Sonni,Slifka,Sonni.Slifka@example.com,773
445,Aigneis,Lacombe,Aigneis.Lacombe@example.com,387
446,Daphne,Cloris,Daphne.Cloris@example.com,971
447,Ayn,Lia,Ayn.Lia@example.com,761
448,Elie,Rhu,Elie.Rhu@example.com,957
449,Chloris,Merell,Chloris.Merell@example.com,789
450,Goldie,Alabaster,Goldie.Alabaster@example.com,884
451,Taffy,Sherfield,Taffy.Sherfield@example.com,260
452,Lynnea,Morrill,Lynnea.Morrill@example.com,513
453,Corina,Flyn,Corina.Flyn@example.com,861
454,Ellette,Seumas,Ellette.Seumas@example.com,737
455,Lelah,Faust,Lelah.Faust@example.com,51
456,Darlleen,Ortrude,Darlleen.Ortrude@example.com,54
457,Dominga,Pauly,Dominga.Pauly@example.com,689
458,Aryn,Vernier,Aryn.Vernier@example.com,630
459,Mignon,Barney,Mignon.Barney@example.com,645
460,Gianina,Juliet,Gianina.Juliet@example.com,890
461,Mady,Demitria,Mady.Demitria@example.com,558
462,Barbara,Bury,Barbara.Bury@example.com,224
463,Morganica,Heisel,Morganica.Heisel@example.com,196
464,Letizia,Bettine,Letizia.Bettine@example.com,799
465,Willetta,Tomasina,Willetta.Tomasina@example.com,857
466,Tami,Giule,Tami.Giule@example.com,976
467,Agathe,Newell,Agathe.Newell@example.com,16
468,Augustine,Ralfston,Augustine.Ralfston@example.com,726
469,Sindee,Krystle,Sindee.Krystle@example.com,974
470,Lusa,Rosalba,Lusa.Rosalba@example.com,317
471,Cyb,Cristi,Cyb.Cristi@example.com,542
472,Deane,Elisha,Deane.Elisha@example.com,474
473,Cam,Suanne,Cam.Suanne@example.com,501
474,Janenna,Jacqui,Janenna.Jacqui@example.com,241
475,Candi,Jacobah,Candi.Jacobah@example.com,117
476,Thalia,Ariella,Thalia.Ariella@example.com,113
477,Augustine,Francyne,Augustine.Francyne@example.com,142
478,Elsie,Stoller,Elsie.Stoller@example.com,807
479,Diena,Muriel,Diena.Muriel@example.com,611
480,Willetta,Torray,Willetta.Torray@example.com,855
481,Gavrielle,Pearse,Gavrielle.Pearse@example.com,120
482,Karena,Sandye,Karena.Sandye@example.com,215
483,Caryl,Wesle,Caryl.Wesle@example.com,925
484,Sybille,Kylander,Sybille.Kylander@example.com,444
485,Mignon,Olin,Mignon.Olin@example.com,948
486,Sadie,Dearborn,Sadie.Dearborn@example.com,820
487,Britni,Alarise,Britni.Alarise@example.com,648
488,Kirbee,Cecile,Kirbee.Cecile@example.com,984
489,Sharai,Pillsbury,Sharai.Pillsbury@example.com,571
490,Lory,Bivins,Lory.Bivins@example.com,542
491,Wilma,Kelula,Wilma.Kelula@example.com,955
492,Kittie,Lacombe,Kittie.Lacombe@example.com,937
493,Sharai,Meli,Sharai.Meli@example.com,970
494,Zondra,Fitzsimmons,Zondra.Fitzsimmons@example.com,789
495,Joceline,Sallyann,Joceline.Sallyann@example.com,711
496,Rhea,Serilda,Rhea.Serilda@example.com,14
497,Deedee,Meter,Deedee.Meter@example.com,200
498,Mildrid,Colp,Mildrid.Colp@example.com,991
499,Margalo,Tamar,Margalo.Tamar@example.com,241
500,Orelia,Wolfgram,Orelia.Wolfgram@example.com,271
501,Feliza,Gino,Feliza.Gino@example.com,626
502,Catharine,Bergman,Catharine.Bergman@example.com,952
503,Damaris,Constancy,Damaris.Constancy@example.com,913
504,Verla,Izaak,Verla.Izaak@example.com,254
505,Zsa Zsa,Carolin,Zsa Zsa.Carolin@example.com,738
506,Camile,McGrody,Camile.McGrody@example.com,690
507,Neila,Velick,Neila.Velick@example.com,471
508,Ronna,Alarise,Ronna.Alarise@example.com,496
509,Viviene,Koehler,Viviene.Koehler@example.com,897
510,Madeleine,Madaih,Madeleine.Madaih@example.com,32
511,Joeann,Raul,Joeann.Raul@example.com,72
512,Sallie,Jerald,Sallie.Jerald@example.com,361
513,Lily,Lamoree,Lily.Lamoree@example.com,491
514,Cecile,Tomasina,Cecile.Tomasina@example.com,836
515,Lanae,Destinee,Lanae.Destinee@example.com,662
516,Randa,Ezar,Randa.Ezar@example.com,790
517,Dione,Klotz,Dione.Klotz@example.com,365
518,Charissa,Kauppi,Charissa.Kauppi@example.com,653
519,Gabriellia,Emanuel,Gabriellia.Emanuel@example.com,206
520,Angela,Soneson,Angela.Soneson@example.com,322
521,Rani,Hanleigh,Rani.Hanleigh@example.com,169
522,Carlie,Rosalba,Carlie.Rosalba@example.com,318
523,Leeanne,Jenness,Leeanne.Jenness@example.com,585
524,Helsa,Alfons,Helsa.Alfons@example.com,556
525,Melina,McNully,Melina.McNully@example.com,420
526,Sheree,Adrienne,Sheree.Adrienne@example.com,654
527,Jerry,Delacourt,Jerry.Delacourt@example.com,105
528,Selia,Pettiford,Selia.Pettiford@example.com,360
529,Sindee,Japeth,Sindee.Japeth@example.com,643
530,Marline,Lanita,Marline.Lanita@example.com,706
531,Ellette,Ummersen,Ellette.Ummersen@example.com,284
532,Lonnie,Lubin,Lonnie.Lubin@example.com,913
533,Rebeca,Honoria,Rebeca.Honoria@example.com,224
534,Tabbatha,Georgy,Tabbatha.Georgy@example.com,136
535,Rozele,Brieta,Rozele.Brieta@example.com,46
536,Maud,Eben,Maud.Eben@example.com,385
537,Alie,Oneida,Alie.Oneida@example.com,856
538,Diena,Shaver,Diena.Shaver@example.com,524
539,Nataline,Weide,Nataline.Weide@example.com,155
540,Janis,Emerson,Janis.Emerson@example.com,630
541,Eugine,Carleen,Eugine.Carleen@example.com,672
542,Vita,My,Vita.My@example.com,508
543,Flory,Teryn,Flory.Teryn@example.com,504
544,Noelle,Muriel,Noelle.Muriel@example.com,235
545,Susan,Damarra,Susan.Damarra@example.com,853
546,Genevra,Papageno,Genevra.Papageno@example.com,877
547,Bobinette,Jerold,Bobinette.Jerold@example.com,874
548,Mamie,Cottle,Mamie.Cottle@example.com,871
549,Laure,Christal,Laure.Christal@example.com,50
550,Nannie,Iphlgenia,Nannie.Iphlgenia@example.com,13
551,Cassondra,Seligman,Cassondra.Seligman@example.com,268
552,Tressa,Mintz,Tressa.Mintz@example.com,841
553,Caressa,Faso,Caressa.Faso@example.com,827
554,Audrie,Vale,Audrie.Vale@example.com,744
555,Monika,Hamil,Monika.Hamil@example.com,458
556,Madeleine,Kinnard,Madeleine.Kinnard@example.com,435
557,Kenna,Merell,Kenna.Merell@example.com,251
558,Doro,Monaco,Doro.Monaco@example.com,781
559,Jolyn,Delila,Jolyn.Delila@example.com,293
560,Gusty,Darrell,Gusty.Darrell@example.com,408
561,Selma,Jacobah,Selma.Jacobah@example.com,841
562,Ardeen,Peonir,Ardeen.Peonir@example.com,370
563,Dania,Aldric,Dania.Aldric@example.com,462
564,Fanchon,Fontana,Fanchon.Fontana@example.com,462
565,Zondra,Penelopa,Zondra.Penelopa@example.com,136
566,Arabel,Berl,Arabel.Berl@example.com,884
567,Laurene,Palocz,Laurene.Palocz@example.com,944
568,Tobe,Hilbert,Tobe.Hilbert@example.com,930
569,Gilligan,Merriott,Gilligan.Merriott@example.com,1000
570,Sue,Stover,Sue.Stover@example.com,403
571,Drucie,Stilwell,Drucie.Stilwell@example.com,256
572,Angela,Ellerey,Angela.Ellerey@example.com,830
573,Phedra,MacIntosh,Phedra.MacIntosh@example.com,769
574,Karly,Maples,Karly.Maples@example.com,969
575,Verla,Moina,Verla.Moina@example.com,254
576,Drucie,Bigner,Drucie.Bigner@example.com,194
577,Gerianna,Tiffa,Gerianna.Tiffa@example.com,341
578,Drucie,Peti,Drucie.Peti@example.com,786
579,Lanna,Birdella,Lanna.Birdella@example.com,272
580,Daphne,Valerio,Daphne.Valerio@example.com,175
581,Ada,Selway,Ada.Selway@example.com,890
582,Tori,Georas,Tori.Georas@example.com,286
583,Angelique,Sherrie,Angelique.Sherrie@example.com,906
584,Drucie,Pauly,Drucie.Pauly@example.com,808
585,Adore,Hedve,Adore.Hedve@example.com,813
586,Tobe,Holtz,Tobe.Holtz@example.com,512
587,Ashlee,Jeanne,Ashlee.Jeanne@example.com,514
588,Blake,Even,Blake.Even@example.com,841
589,Rosaline,Plato,Rosaline.Plato@example.com,274
590,Allyce,Henrie,Allyce.Henrie@example.com,910
591,Blinni,Judye,Blinni.Judye@example.com,236
592,Sherrie,Charmine,Sherrie.Charmine@example.com,346
593,Aeriela,Chabot,Aeriela.Chabot@example.com,450
594,Ekaterina,Gavrila,Ekaterina.Gavrila@example.com,989
595,Pollyanna,Doig,Pollyanna.Doig@example.com,598
596,Cam,Sigfrid,Cam.Sigfrid@example.com,441
597,Bernie,Madelene,Bernie.Madelene@example.com,522
598,Rebeca,Sigfrid,Rebeca.Sigfrid@example.com,363
599,Aryn,Bibi,Aryn.Bibi@example.com,32
600,Janis,Kesley,Janis.Kesley@example.com,888
601,Ethel,Rosalba,Ethel.Rosalba@example.com,973
602,Noelle,Robertson,Noelle.Robertson@example.com,848
603,Tybie,Torray,Tybie.Torray@example.com,739
604,Letizia,Jess,Letizia.Jess@example.com,308
605,Tori,Jehu,Tori.Jehu@example.com,445
606,Arlina,Thad,Arlina.Thad@example.com,488
607,Paule,Martguerita,Paule.Martguerita@example.com,108
608,Molli,Seagraves,Molli.Seagraves@example.com,969
609,Cristabel,Lia,Cristabel.Lia@example.com,747
610,Celestyna,Ochs,Celestyna.Ochs@example.com,704
611,Jasmina,Love,Jasmina.Love@example.com,859
612,Jessamyn,Brittani,Jessamyn.Brittani@example.com,598
613,Neila,Mata,Neila.Mata@example.com,706
614,Modestia,Gaspard,Modestia.Gaspard@example.com,968
615,Wynne,Ilka,Wynne.Ilka@example.com,762
616,Glynnis,Taam,Glynnis.Taam@example.com,282
617,Alisha,Mandler,Alisha.Mandler@example.com,641
618,Bill,Gladstone,Bill.Gladstone@example.com,972
619,Ilse,Chandler,Ilse.Chandler@example.com,447
620,Petronia,Tristram,Petronia.Tristram@example.com,29
621,Luci,Schonfeld,Luci.Schonfeld@example.com,752
622,Catrina,Juliet,Catrina.Juliet@example.com,637
623,Glynnis,Terencio,Glynnis.Terencio@example.com,689
624,Cherrita,Leffen,Cherrita.Leffen@example.com,668
625,Ada,Ciapas,Ada.Ciapas@example.com,45
626,Joceline,Anderea,Joceline.Anderea@example.com,446
627,Lory,Jagir,Lory.Jagir@example.com,818
628,Helena,Bates,Helena.Bates@example.com,571
629,Allis,Daveta,Allis.Daveta@example.com,710
630,Teddie,Reidar,Teddie.Reidar@example.com,199
631,Oona,Sperling,Oona.Sperling@example.com,915
632,Siana,Angelis,Siana.Angelis@example.com,905
633,Charissa,Campball,Charissa.Campball@example.com,158
634,Nyssa,Brieta,Nyssa.Brieta@example.com,757
635,Amalie,Ade,Amalie.Ade@example.com,761
636,Minne,Noam,Minne.Noam@example.com,453
637,Daphne,Nicoline,Daphne.Nicoline@example.com,151
638,Tani,Taam,Tani.Taam@example.com,473
639,Netty,Susannah,Netty.Susannah@example.com,999
640,Adelle,Garbe,Adelle.Garbe@example.com,753
641,Shannah,Nicoline,Shannah.Nicoline@example.com,782
642,Elie,Hollingsworth,Elie.Hollingsworth@example.com,341
643,Genevra,Primalia,Genevra.Primalia@example.com,628
644,Leeanne,Chabot,Leeanne.Chabot@example.com,34
645,Verla,Pitt,Verla.Pitt@example.com,520
646,Alyda,Maiah,Alyda.Maiah@example.com,981
647,Kial,Astra,Kial.Astra@example.com,400
648,Halette,Johanna,Halette.Johanna@example.com,973
649,Doro,Gert,Doro.Gert@example.com,153
650,Vonny,Rolf,Vonny.Rolf@example.com,887
651,Lucille,Gombach,Lucille.Gombach@example.com,782
652,Corly,Dahlia,Corly.Dahlia@example.com,382
653,Nita,Ralfston,Nita.Ralfston@example.com,457
654,Dolli,Llovera,Dolli.Llovera@example.com,82
655,Lucille,Hurley,Lucille.Hurley@example.com,901
656,Blondelle,Merat,Blondelle.Merat@example.com,926
657,Karina,Hylan,Karina.Hylan@example.com,648
658,Aimil,Celestine,Aimil.Celestine@example.com,962
659,Berget,Ruvolo,Berget.Ruvolo@example.com,819
660,Karina,Raychel,Karina.Raychel@example.com,236
661,Cissiee,Ethban,Cissiee.Ethban@example.com,571
662,Selma,Standing,Selma.Standing@example.com,576
663,Tabbatha,Kylander,Tabbatha.Kylander@example.com,958
664,Dotty,Sigfrid,Dotty.Sigfrid@example.com,720
665,Celene,Tremayne,Celene.Tremayne@example.com,450
666,Malina,Drus,Malina.Drus@example.com,524
667,Beatriz,Tyson,Beatriz.Tyson@example.com,345
668,Stevana,Ellerey,Stevana.Ellerey@example.com,137
669,Hyacinthe,Linskey,Hyacinthe.Linskey@example.com,570
670,Aurelie,Merna,Aurelie.Merna@example.com,788
671,Charissa,Orpah,Charissa.Orpah@example.com,950
672,Juliane,Raimondo,Juliane.Raimondo@example.com,435
673,Dode,Crudden,Dode.Crudden@example.com,391
674,Leeanne,Gemini,Leeanne.Gemini@example.com,226
675,Hollie,Faria,Hollie.Faria@example.com,244
676,Ginnie,Stoller,Ginnie.Stoller@example.com,290
677,Yvonne,Katrine,Yvonne.Katrine@example.com,819
678,Zia,Berl,Zia.Berl@example.com,525
679,Kamilah,Gerge,Kamilah.Gerge@example.com,135
680,Laurene,Kaja,Laurene.Kaja@example.com,346
681,Gisela,Hamil,Gisela.Hamil@example.com,60
682,Odessa,Belldas,Odessa.Belldas@example.com,132
683,Elfreda,Chobot,Elfreda.Chobot@example.com,213
684,Georgina,Nester,Georgina.Nester@example.com,939
685,Lyssa,Abernon,Lyssa.Abernon@example.com,676
686,Maurene,Karna,Maurene.Karna@example.com,197
687,Rubie,Georas,Rubie.Georas@example.com,136
688,Raquela,Ferino,Raquela.Ferino@example.com,33
689,Jasmina,Natalia,Jasmina.Natalia@example.com,665
690,Queenie,Kamaria,Queenie.Kamaria@example.com,546
691,Max,Socha,Max.Socha@example.com,524
692,Arabel,Schwejda,Arabel.Schwejda@example.com,983
693,Lynde,Rosemary,Lynde.Rosemary@example.com,101
694,Daryl,Kevon,Daryl.Kevon@example.com,283
695,Damaris,Woodberry,Damaris.Woodberry@example.com,632
696,Zia,Brackely,Zia.Brackely@example.com,394
697,Annora,Clarissa,Annora.Clarissa@example.com,601
698,Ketti,Bevin,Ketti.Bevin@example.com,269
699,Nanete,Love,Nanete.Love@example.com,970
700,Adore,Bivins,Adore.Bivins@example.com,452
701,Barbara,Rustice,Barbara.Rustice@example.com,867
702,Dulce,Warthman,Dulce.Warthman@example.com,982
703,Layla,Couture,Layla.Couture@example.com,553
704,Felice,Ader,Felice.Ader@example.com,564
705,Allis,Ethban,Allis.Ethban@example.com,103
706,Sybille,Diann,Sybille.Diann@example.com,91
707,Judy,Stelle,Judy.Stelle@example.com,246
708,Annabela,Esmaria,Annabela.Esmaria@example.com,418
709,Maye,Socha,Maye.Socha@example.com,462
710,Harrietta,Halla,Harrietta.Halla@example.com,448
711,Bernie,Podvin,Bernie.Podvin@example.com,161
712,Alejandra,Hewitt,Alejandra.Hewitt@example.com,627
713,Laurene,Gerge,Laurene.Gerge@example.com,659
714,Zaria,Grayce,Zaria.Grayce@example.com,958
715,Max,Hamil,Max.Hamil@example.com,237
716,Rubie,Cavan,Rubie.Cavan@example.com,354
717,Dyann,Raseda,Dyann.Raseda@example.com,865
718,Vonny,Nerita,Vonny.Nerita@example.com,30
719,Ardeen,Berl,Ardeen.Berl@example.com,912
720,Chloris,Roumell,Chloris.Roumell@example.com,60
721,Caryl,Uird,Caryl.Uird@example.com,106
722,Farrah,Jena,Farrah.Jena@example.com,638
723,Isa,Chrystel,Isa.Chrystel@example.com,58
724,Annice,Wallis,Annice.Wallis@example.com,31
725,Lyssa,Frendel,Lyssa.Frendel@example.com,542
726,Evita,Sharl,Evita.Sharl@example.com,598
727,Jessy,Parsaye,Jessy.Parsaye@example.com,243
728,Jemie,Devlen,Jemie.Devlen@example.com,95
729,Mignon,Astra,Mignon.Astra@example.com,44
730,Edyth,Hilbert,Edyth.Hilbert@example.com,216
731,Mireielle,Miru,Mireielle.Miru@example.com,228
732,Paola,Aaberg,Paola.Aaberg@example.com,242
733,Christian,Belldas,Christian.Belldas@example.com,149
734,Zondra,Lea,Zondra.Lea@example.com,146
735,Jacenta,Konyn,Jacenta.Konyn@example.com,280
736,Rochette,Waldron,Rochette.Waldron@example.com,507
737,Roslyn,Blisse,Roslyn.Blisse@example.com,113
738,Leeanne,Briney,Leeanne.Briney@example.com,463
739,Orsola,Albertine,Orsola.Albertine@example.com,889
740,Sherrie,Brieta,Sherrie.Brieta@example.com,830
741,Barbara,Vilma,Barbara.Vilma@example.com,563
742,Corina,Thomasina,Corina.Thomasina@example.com,478
743,Babita,Loring,Babita.Loring@example.com,135
744,Emmey,Ietta,Emmey.Ietta@example.com,324
745,Beatriz,Aloise,Beatriz.Aloise@example.com,111
746,Dacia,Voletta,Dacia.Voletta@example.com,477
747,Valeda,Amasa,Valeda.Amasa@example.com,629
748,Tarra,Matthew,Tarra.Matthew@example.com,834
749,Albertina,Buckler,Albertina.Buckler@example.com,275
750,Clementine,Gilbertson,Clementine.Gilbertson@example.com,748
751,Leona,Michella,Leona.Michella@example.com,10
752,Doralynne,Jenness,Doralynne.Jenness@example.com,549
753,Feliza,Seumas,Feliza.Seumas@example.com,832
754,Hallie,Ventre,Hallie.Ventre@example.com,705
755,Kamilah,Erminia,Kamilah.Erminia@example.com,620
756,Chickie,Emanuel,Chickie.Emanuel@example.com,903
757,Arabel,Leary,Arabel.Leary@example.com,525
758,Shauna,Federica,Shauna.Federica@example.com,161
759,Malina,Andrel,Malina.Andrel@example.com,53
760,Calla,Wadell,Calla.Wadell@example.com,941
761,Bill,Tengdin,Bill.Tengdin@example.com,359
762,Gerianna,Henrie,Gerianna.Henrie@example.com,501
763,Nanete,Koehler,Nanete.Koehler@example.com,377
764,Aurore,Jacinda,Aurore.Jacinda@example.com,937
765,Layla,August,Layla.August@example.com,192
766,Fina,Dermott,Fina.Dermott@example.com,809
767,Ulrike,Carleen,Ulrike.Carleen@example.com,35
768,Sissy,Blase,Sissy.Blase@example.com,266
769,Mignon,Hazlett,Mignon.Hazlett@example.com,685
770,Liana,Kenney,Liana.Kenney@example.com,334
771,Cathyleen,Liva,Cathyleen.Liva@example.com,367
772,Fredericka,Hull,Fredericka.Hull@example.com,727
773,Arlena,Olnee,Arlena.Olnee@example.com,982
774,Jaclyn,Ochs,Jaclyn.Ochs@example.com,582
775,Suzette,Tufts,Suzette.Tufts@example.com,214
776,Nananne,Leifeste,Nananne.Leifeste@example.com,237
777,Glenda,Imelida,Glenda.Imelida@example.com,667
778,Dari,Amasa,Dari.Amasa@example.com,114
779,Janis,Adalbert,Janis.Adalbert@example.com,325
780,Corene,Maroney,Corene.Maroney@example.com,441
781,Robinia,Louanna,Robinia.Louanna@example.com,379
782,Tani,Croix,Tani.Croix@example.com,548
783,Wanda,Whiffen,Wanda.Whiffen@example.com,562
784,Rosene,Baylor,Rosene.Baylor@example.com,924
785,Cordi,Lacombe,Cordi.Lacombe@example.com,409
786,Lesly,Francene,Lesly.Francene@example.com,146
787,Anthia,Narton,Anthia.Narton@example.com,27
788,Tina,Shuler,Tina.Shuler@example.com,645
789,Jsandye,Fabiola,Jsandye.Fabiola@example.com,637
790,Marita,Ade,Marita.Ade@example.com,527
791,Eugine,Ferrell,Eugine.Ferrell@example.com,805
792,Ulrike,Glovsky,Ulrike.Glovsky@example.com,212
793,Leia,Rosemary,Leia.Rosemary@example.com,228
794,Cassondra,Zaslow,Cassondra.Zaslow@example.com,453
795,Micheline,Nicoline,Micheline.Nicoline@example.com,347
796,Rani,Tryck,Rani.Tryck@example.com,224
797,Gale,Publia,Gale.Publia@example.com,633
798,Konstance,Knowling,Konstance.Knowling@example.com,551
799,Candy,Carmena,Candy.Carmena@example.com,742
800,Concettina,Means,Concettina.Means@example.com,470
801,Maud,Rudolph,Maud.Rudolph@example.com,507
802,Gerrie,Riordan,Gerrie.Riordan@example.com,307
803,Pollyanna,Capello,Pollyanna.Capello@example.com,646
804,Valeda,Capello,Valeda.Capello@example.com,383
805,Rosanne,Lareena,Rosanne.Lareena@example.com,794
806,Karly,Morgun,Karly.Morgun@example.com,382
807,Quintina,Naashom,Quintina.Naashom@example.com,539
808,Grier,Rubie,Grier.Rubie@example.com,170
809,Delilah,Westphal,Delilah.Westphal@example.com,879
810,Chrystel,Argus,Chrystel.Argus@example.com,491
811,Dyann,Ferrell,Dyann.Ferrell@example.com,44
812,Shaine,Hull,Shaine.Hull@example.com,618
813,Harrietta,Adore,Harrietta.Adore@example.com,287
814,Sissy,Colleen,Sissy.Colleen@example.com,850
815,Shel,Kaja,Shel.Kaja@example.com,892
816,Amii,Kamaria,Amii.Kamaria@example.com,117
817,Alexine,Odysseus,Alexine.Odysseus@example.com,930
818,Alejandra,Uird,Alejandra.Uird@example.com,782
819,Diena,Gaulin,Diena.Gaulin@example.com,153
820,Riannon,Rona,Riannon.Rona@example.com,446
821,Raina,Kaja,Raina.Kaja@example.com,657
822,Frieda,Suanne,Frieda.Suanne@example.com,97
823,Tina,Plato,Tina.Plato@example.com,326
824,Lynea,Rosette,Lynea.Rosette@example.com,347
825,Luci,Nerita,Luci.Nerita@example.com,366
826,Rhea,Bonucci,Rhea.Bonucci@example.com,984
827,Mariann,Wind,Mariann.Wind@example.com,169
828,Nataline,Carleen,Nataline.Carleen@example.com,960
829,Maye,Shama,Maye.Shama@example.com,171
830,Jany,Damarra,Jany.Damarra@example.com,473
831,Annabela,Hazlett,Annabela.Hazlett@example.com,405
832,Cacilie,Cleo,Cacilie.Cleo@example.com,531
833,Rebeca,Casimir,Rebeca.Casimir@example.com,460
834,Kary,Lorain,Kary.Lorain@example.com,974
835,Glynnis,Sibyls,Glynnis.Sibyls@example.com,581
836,Corene,Paton,Corene.Paton@example.com,216
837,Hallie,Chesna,Hallie.Chesna@example.com,559
838,Codie,Argus,Codie.Argus@example.com,446
839,Chere,Irmine,Chere.Irmine@example.com,351
840,Gavrielle,Lorain,Gavrielle.Lorain@example.com,83
841,Ana,Charity,Ana.Charity@example.com,257
842,Heida,Lacombe,Heida.Lacombe@example.com,19
843,Ronna,Ader,Ronna.Ader@example.com,137
844,Ardenia,Mehalek,Ardenia.Mehalek@example.com,285
845,Krystle,Ludewig,Krystle.Ludewig@example.com,931
846,Amii,Jorgan,Amii.Jorgan@example.com,33
847,Bernardine,Dulciana,Bernardine.Dulciana@example.com,877
848,Lindie,Vacuva,Lindie.Vacuva@example.com,764
849,Gale,Giff,Gale.Giff@example.com,819
850,Melisent,Jefferey,Melisent.Jefferey@example.com,18
851,Jeanna,Ardeha,Jeanna.Ardeha@example.com,897
852,Zia,Kauppi,Zia.Kauppi@example.com,466
853,Leona,Morgun,Leona.Morgun@example.com,960
854,Valeda,Glenden,Valeda.Glenden@example.com,164
855,Elbertina,Maryanne,Elbertina.Maryanne@example.com,249
856,Shaylyn,Taam,Shaylyn.Taam@example.com,723
857,Annecorinne,Elsinore,Annecorinne.Elsinore@example.com,832
858,Ursulina,Lilybelle,Ursulina.Lilybelle@example.com,657
859,Maridel,Bari,Maridel.Bari@example.com,893
860,Sibella,Vittoria,Sibella.Vittoria@example.com,471
861,Kate,Anyah,Kate.Anyah@example.com,797
862,Arabel,Tannie,Arabel.Tannie@example.com,852
863,Lucille,Isacco,Lucille.Isacco@example.com,927
864,Carolina,Redmond,Carolina.Redmond@example.com,857
865,Sharai,Stanwood,Sharai.Stanwood@example.com,409
866,Sue,Katrine,Sue.Katrine@example.com,998
867,Mariele,Imelida,Mariele.Imelida@example.com,493
868,Yvonne,Ashok,Yvonne.Ashok@example.com,556
869,Ninnetta,Telfer,Ninnetta.Telfer@example.com,646
870,Teddie,Dalli,Teddie.Dalli@example.com,550
871,Tori,Edmund,Tori.Edmund@example.com,762
872,Jackie,Cohdwell,Jackie.Cohdwell@example.com,478
873,Grier,Darbie,Grier.Darbie@example.com,512
874,Ricky,Weide,Ricky.Weide@example.com,896
875,Cherilyn,Annice,Cherilyn.Annice@example.com,458
876,Jany,Harday,Jany.Harday@example.com,447
877,Katuscha,Libna,Katuscha.Libna@example.com,258
878,Joeann,Primalia,Joeann.Primalia@example.com,136
879,Bernardine,Earlie,Bernardine.Earlie@example.com,453
880,Dode,Merna,Dode.Merna@example.com,59
881,Julieta,Anis,Julieta.Anis@example.com,134
882,Mariann,Henebry,Mariann.Henebry@example.com,382
883,Ida,Truc,Ida.Truc@example.com,450
884,Flory,Lia,Flory.Lia@example.com,274
885,Lulita,Arley,Lulita.Arley@example.com,95
886,Stevana,Chick,Stevana.Chick@example.com,709
887,Quintina,Zenas,Quintina.Zenas@example.com,205
888,Nadine,Screens,Nadine.Screens@example.com,487
889,Jolyn,Louanna,Jolyn.Louanna@example.com,117
890,Korrie,Audly,Korrie.Audly@example.com,110
891,Aurelie,Read,Aurelie.Read@example.com,114
892,Charlena,Rudolph,Charlena.Rudolph@example.com,987
893,Antonietta,Alejoa,Antonietta.Alejoa@example.com,757
894,Janenna,Melony,Janenna.Melony@example.com,920
895,Consuela,Haerr,Consuela.Haerr@example.com,103
896,Odessa,Madaih,Odessa.Madaih@example.com,759
897,Christian,Calhoun,Christian.Calhoun@example.com,923
898,Natka,Kirstin,Natka.Kirstin@example.com,658
899,Sonni,Mauer,Sonni.Mauer@example.com,502
900,Kamilah,Brieta,Kamilah.Brieta@example.com,910
901,Jean,Posner,Jean.Posner@example.com,382
902,Allyce,Han,Allyce.Han@example.com,365
903,Janenna,Stephie,Janenna.Stephie@example.com,237
904,Raquela,Uund,Raquela.Uund@example.com,947
905,Carolina,Gilbertson,Carolina.Gilbertson@example.com,206
906,Jackie,Ranjiv,Jackie.Ranjiv@example.com,522
907,Laure,Hamil,Laure.Hamil@example.com,926
908,Mignon,Cadmar,Mignon.Cadmar@example.com,105
909,Janenna,Bivins,Janenna.Bivins@example.com,148
910,Sibella,Pettiford,Sibella.Pettiford@example.com,496
911,Doro,Delacourt,Doro.Delacourt@example.com,407
912,Cam,Sidonius,Cam.Sidonius@example.com,981
913,Marsiella,Lesley,Marsiella.Lesley@example.com,760
914,Cherilyn,Sundin,Cherilyn.Sundin@example.com,685
915,Jasmina,Percy,Jasmina.Percy@example.com,377
916,Jere,Ethban,Jere.Ethban@example.com,21
917,Berta,Olin,Berta.Olin@example.com,482
918,June,Helfand,June.Helfand@example.com,76
919,Rosaline,Llovera,Rosaline.Llovera@example.com,760
920,Violet,Rhu,Violet.Rhu@example.com,872
921,Constance,Anis,Constance.Anis@example.com,580
922,Sheree,Ricarda,Sheree.Ricarda@example.com,984
923,Fidelia,Ruvolo,Fidelia.Ruvolo@example.com,678
924,Jenda,Cressida,Jenda.Cressida@example.com,490
925,Viviene,Ietta,Viviene.Ietta@example.com,72
926,Hollie,Kosey,Hollie.Kosey@example.com,964
927,Elmira,Amadas,Elmira.Amadas@example.com,603
928,Deirdre,Kosey,Deirdre.Kosey@example.com,6
929,Latisha,Kirbee,Latisha.Kirbee@example.com,859
930,Hayley,Prober,Hayley.Prober@example.com,388
931,Lanna,Behre,Lanna.Behre@example.com,399
932,Dione,Gusella,Dione.Gusella@example.com,327
933,Hildegaard,Federica,Hildegaard.Federica@example.com,792
934,Delilah,MacIntosh,Delilah.MacIntosh@example.com,917
935,Nannie,Mike,Nannie.Mike@example.com,153
936,Sharai,McLaughlin,Sharai.McLaughlin@example.com,323
937,Raquela,Glovsky,Raquela.Glovsky@example.com,46
938,Keelia,LaRue,Keelia.LaRue@example.com,440
939,Claudina,Toor,Claudina.Toor@example.com,624
940,Sherrie,Genna,Sherrie.Genna@example.com,941
941,Corry,Soneson,Corry.Soneson@example.com,306
942,Gretal,Devlen,Gretal.Devlen@example.com,818
943,Lyssa,Brodench,Lyssa.Brodench@example.com,5
944,Collen,Bultman,Collen.Bultman@example.com,574
945,Yvonne,Liva,Yvonne.Liva@example.com,157
946,Ileana,Mike,Ileana.Mike@example.com,155
947,Joelly,Bronk,Joelly.Bronk@example.com,927
948,Aubrie,Johanna,Aubrie.Johanna@example.com,351
949,Leanna,Leler,Leanna.Leler@example.com,253
950,Viki,Henebry,Viki.Henebry@example.com,767
951,Cathie,Jacobah,Cathie.Jacobah@example.com,708
952,Aurore,Tippets,Aurore.Tippets@example.com,114
953,Aimil,Yusuk,Aimil.Yusuk@example.com,275
954,Deloria,Remmer,Deloria.Remmer@example.com,614
955,Caressa,Olympium,Caressa.Olympium@example.com,76
956,Therine,Raychel,Therine.Raychel@example.com,551
957,Gusella,Lasley,Gusella.Lasley@example.com,907
958,Jeanna,Ethban,Jeanna.Ethban@example.com,11
959,Georgina,Tound,Georgina.Tound@example.com,612
960,Evita,Havens,Evita.Havens@example.com,607
961,Anallese,Arley,Anallese.Arley@example.com,436
962,Jackie,Lemuela,Jackie.Lemuela@example.com,874
963,Robbi,Rudolph,Robbi.Rudolph@example.com,35
964,Belinda,Naashom,Belinda.Naashom@example.com,228
965,Glenda,Couture,Glenda.Couture@example.com,750
966,Kore,Burch,Kore.Burch@example.com,68
967,Zaria,Euridice,Zaria.Euridice@example.com,105
968,Angela,Ingra,Angela.Ingra@example.com,974
969,Gertrud,Ammann,Gertrud.Ammann@example.com,944
970,Ellette,Schlosser,Ellette.Schlosser@example.com,215
971,Krystle,Raffo,Krystle.Raffo@example.com,701
972,Marsiella,Stilwell,Marsiella.Stilwell@example.com,91
973,Karolina,Peti,Karolina.Peti@example.com,132
974,Barbara,Bendick,Barbara.Bendick@example.com,237
975,Deane,Sholley,Deane.Sholley@example.com,681
976,Dorthy,McLaughlin,Dorthy.McLaughlin@example.com,171
977,Elie,Turne,Elie.Turne@example.com,519
978,Imojean,Bouchard,Imojean.Bouchard@example.com,215
979,Elka,Rodmann,Elka.Rodmann@example.com,726
980,Danika,Adalbert,Danika.Adalbert@example.com,368
981,Natka,Vacuva,Natka.Vacuva@example.com,341
982,Paule,Gemini,Paule.Gemini@example.com,687
983,Ayn,Bettine,Ayn.Bettine@example.com,989
984,Carmela,Daveta,Carmela.Daveta@example.com,486
985,Alisha,Forrer,Alisha.Forrer@example.com,384
986,Blinni,Noam,Blinni.Noam@example.com,614
987,Lorie,Lorenz,Lorie.Lorenz@example.com,889
988,Kittie,Land,Kittie.Land@example.com,275
989,Kore,Goode,Kore.Goode@example.com,678
990,Barbara,Dreda,Barbara.Dreda@example.com,202
991,Daphne,Buckler,Daphne.Buckler@example.com,714
992,Clarice,Cadmar,Clarice.Cadmar@example.com,278
993,Ada,Teddman,Ada.Teddman@example.com,133
994,Kristina,Hunfredo,Kristina.Hunfredo@example.com,705
995,Natka,Peonir,Natka.Peonir@example.com,505
996,Nonnah,Abernon,Nonnah.Abernon@example.com,906
997,Monika,Kirstin,Monika.Kirstin@example.com,175
998,Susette,Gemini,Susette.Gemini@example.com,108
999,Margette,Bandeen,Margette.Bandeen@example.com,73
1000,Binny,Strephon,Binny.Strephon@example.com,303